numero,fichier,couleur,punchline,theme,verset
46,rhema-46-noir.png,noir,Ta maison ne deviendra pas sainte par hasard. Elle le deviendra par choix.,Ma maison servira l'Éternel,Josué 24.15
47,rhema-47-creme.png,creme,Personne n'est orphelin dans la maison de Dieu.,Dieu donne une famille,Psaume 68.7
48,rhema-48-lime.png,lime,Le juste n'est pas celui qui ne tombe jamais. C'est celui qui se relève toujours.,Sept fois il se relève,Proverbes 24.16
49,rhema-49-noir.png,noir,Le courage n'est pas l'absence de peur. C'est avancer parce que Dieu est avec toi.,Fortifie-toi et prends courage,Josué 1.9
50,rhema-50-creme.png,creme,Ton don n'a pas été fait pour briller. Il a été fait pour servir.,Tes dons au service des autres,1 Pierre 4.10
51,rhema-51-lime.png,lime,"Dans le corps de Christ, personne n'est de trop et personne n'est seul.",Membres d'un même corps,1 Corinthiens 12.26-27
52,rhema-52-noir.png,noir,Ton corps n'est pas un objet à exposer ni à mépriser. C'est un temple à honorer.,Le temple du Saint-Esprit,1 Corinthiens 6.19-20
53,rhema-53-creme.png,creme,On peut tout faire pour Jésus et avoir oublié de l'aimer.,Le premier amour,Apocalypse 2.4-5
54,rhema-54-lime.png,lime,Tu peux te sentir oublié de tous. Mais ton nom est gravé dans les mains de Dieu.,Gravé sur ses mains,Ésaïe 49.15-16
55,rhema-55-noir.png,noir,Jésus ne t'attend pas en haut de l'échelle. Il s'invite là où tu es.,Aujourd'hui chez toi,Luc 19.5
56,rhema-56-creme.png,creme,Un couple tient debout quand Dieu est le troisième fil.,La corde à trois fils,Ecclésiaste 4.12
57,rhema-57-lime.png,lime,"Ceux qui t'ont lâché n'ont pas le dernier mot. Dieu, lui, te recueille.",Recueilli par l'Éternel,Psaume 27.10
58,rhema-58-noir.png,noir,Jésus ne te demande pas si tu as échoué. Il te demande si tu l'aimes.,M'aimes-tu ?,Jean 21.17
59,rhema-59-creme.png,creme,Un retard de Dieu n'est pas un refus de Dieu.,Attendre le temps de Dieu,Habacuc 2.3
60,rhema-60-lime.png,lime,Le plus grand n'est pas celui qu'on sert. C'est celui qui sert.,Venu pour servir,Marc 10.45
61,rhema-61-noir.png,noir,"Un fardeau partagé n'est pas forcément plus léger, mais il n'est plus porté seul.",Porter les fardeaux,Galates 6.2
62,rhema-62-creme.png,creme,Tu ne peux pas empêcher une pensée de passer. Mais tu peux l'empêcher de s'installer.,Des pensées captives,2 Corinthiens 10.5
63,rhema-63-lime.png,lime,La foi ne connaît pas toujours la destination. Elle connaît Celui qui appelle.,Partir sans savoir où,Hébreux 11.8
64,rhema-64-noir.png,noir,Dieu ne te supporte pas. Il se réjouit de toi.,Il se réjouit à ton sujet,Sophonie 3.17
65,rhema-65-creme.png,creme,Il n'est jamais trop tard pour tourner ton regard vers Jésus.,Aujourd'hui avec moi,Luc 23.42-43
66,rhema-66-lime.png,lime,"Tes enfants écoutent tes paroles, mais ils copient ta vie.",Instruire l'enfant,Proverbes 22.6
67,rhema-67-noir.png,noir,Dieu ne te demande pas de cacher tes larmes. Il promet de les consoler.,Heureux les affligés,Matthieu 5.4
68,rhema-68-creme.png,creme,Ta chute n'est pas ta fin. C'est l'endroit d'où Dieu va te relever.,"Si je suis tombé, je me relèverai",Michée 7.8
69,rhema-69-lime.png,lime,Tu ne peux pas forcer la paix. Mais tu peux refuser d'être la guerre.,En paix avec tous,Romains 12.18
70,rhema-70-noir.png,noir,Dieu ne te confiera pas de grandes choses tant que tu méprises les petites.,Fidèle dans les petites choses,Luc 16.10
71,rhema-71-creme.png,creme,Un mot d'encouragement aujourd'hui peut éviter une chute demain.,S'exhorter chaque jour,Hébreux 3.13
72,rhema-72-lime.png,lime,Ta compréhension est limitée. Ta confiance en Dieu ne doit pas l'être.,Ne t'appuie pas sur ta sagesse,Proverbes 3.5-6
73,rhema-73-noir.png,noir,Dieu ne cherche pas des gens capables. Il cherche des gens disponibles.,"Me voici, envoie-moi",Ésaïe 6.8
74,rhema-74-creme.png,creme,"Quand tu ne comprends pas ses voies, fais confiance à son cœur.",Ses pensées sont plus élevées,Ésaïe 55.8-9
75,rhema-75-lime.png,lime,"L'amour de Dieu ne se mesure pas à ce qu'il dit, mais à ce qu'il a donné.",Dieu a tant aimé,Jean 3.16
76,rhema-76-noir.png,noir,Honorer ne veut pas dire tout approuver. Cela veut dire ne jamais mépriser.,Honorer ses parents,Éphésiens 6.2-3
77,rhema-77-creme.png,creme,Ton corps peut s'user. Ton âme peut rajeunir chaque jour en Dieu.,L'homme intérieur se renouvelle,2 Corinthiens 4.16
78,rhema-78-lime.png,lime,Tu ne peux pas courir vers l'avant en regardant sans cesse derrière toi.,Oublier ce qui est en arrière,Philippiens 3.13-14
79,rhema-79-noir.png,noir,Le contentement ne vient pas quand tu as tout. Il s'apprend quand tu as Christ.,Le secret du contentement,Philippiens 4.11-12
80,rhema-80-creme.png,creme,"Fais tes plans avec sagesse, mais laisse à Dieu le dernier mot sur le chemin.",L'Éternel dirige ses pas,Proverbes 16.9
81,rhema-81-lime.png,lime,"Une Église forte ne se construit pas sur des événements, mais sur des habitudes fidèles.",Persévérer ensemble,Actes 2.42
82,rhema-82-noir.png,noir,L'obéissance n'est pas le prix de l'amour de Dieu. C'est la réponse à son amour.,Obéir par amour,Jean 14.15
83,rhema-83-creme.png,creme,Ce n'est pas la taille de ta foi qui compte. C'est la grandeur de ton Dieu.,Une foi comme un grain de sénevé,Matthieu 17.20
84,rhema-84-lime.png,lime,La consolation que Dieu te donne n'est pas faite pour s'arrêter à toi.,Le Dieu de toute consolation,2 Corinthiens 1.3-4
85,rhema-85-noir.png,noir,Tu peux perdre beaucoup de choses. Mais tu ne perdras jamais l'amour de Dieu.,Rien ne pourra nous séparer,Romains 8.38-39
86,rhema-86-creme.png,creme,L'amour vrai ne se mesure pas aux beaux jours. Il se prouve dans les jours difficiles.,L'amour qui ne lâche pas,1 Corinthiens 13.7
87,rhema-87-lime.png,lime,Dieu ne jette pas les cœurs brisés. Il les panse.,Il panse les cœurs brisés,Psaume 147.3
88,rhema-88-noir.png,noir,"Entre les mains de Dieu, un vase raté n'est jamais jeté. Il est refait.",Le potier recommence,Jérémie 18.4
89,rhema-89-creme.png,creme,"L'amertume ne punit pas celui qui t'a blessé. Elle continue de te blesser, toi.",La racine d'amertume,Hébreux 12.15
90,rhema-90-lime.png,lime,"Ta vie ne se mesure pas en années, mais en ce que tu fais de tes jours.",Compter nos jours,Psaume 90.12
91,rhema-91-noir.png,noir,Chaque tentation a une porte de sortie. Encore faut-il choisir de la prendre.,La tentation a une issue,1 Corinthiens 10.13
92,rhema-92-creme.png,creme,"Jeûner, ce n'est pas priver ton corps. C'est nourrir ta faim de Dieu.",Le jeûne dans le secret,Matthieu 6.17-18
93,rhema-93-lime.png,lime,"Quand tu demandes « Qui suis-je ? », Dieu répond « Je serai avec toi ».",Qui suis-je ?,Exode 3.11-12
94,rhema-94-noir.png,noir,"Certains combats ne se gagnent pas en t'agitant, mais en laissant Dieu agir.",L'Éternel combattra pour vous,Exode 14.14
95,rhema-95-creme.png,creme,Les larmes d'aujourd'hui ne sont pas la fin de l'histoire. Dieu a promis de les essuyer.,Il essuiera toute larme,Apocalypse 21.4
96,rhema-96-lime.png,lime,Les vrais amis ne se comptent pas les jours de fête. Ils se révèlent les jours de malheur.,L'ami qui aime en tout temps,Proverbes 17.17
97,rhema-97-noir.png,noir,"Jésus connaît la fin de l'histoire, et pourtant il pleure avec toi.",Jésus pleura,Jean 11.35
98,rhema-98-creme.png,creme,"Dieu ne peut pas changer ton passé, mais il peut te rendre ce que le passé t'a volé.",Les années restituées,Joël 2.25
99,rhema-99-lime.png,lime,"Quand tu crains le regard des hommes, tu leur donnes un pouvoir qui n'appartient qu'à Dieu.",Le piège du regard des hommes,Proverbes 29.25
100,rhema-100-noir.png,noir,Le repos n'est pas une récompense pour avoir tout fini. C'est un cadeau pour pouvoir continuer.,Le repos fait pour l'homme,Marc 2.27
101,rhema-101-creme.png,creme,La pureté n'est pas une liste d'interdits. C'est un chemin éclairé par la Parole.,Garder sa voie pure,Psaume 119.9
102,rhema-102-lime.png,lime,Dieu ne t'a pas appelé à être son témoin avec tes seules forces. Il t'a donné sa puissance.,Revêtus de puissance,Actes 1.8
103,rhema-103-noir.png,noir,"Dieu ne t'appelle pas selon ce que tu es aujourd'hui, mais selon ce qu'il va faire de toi.",Vaillant héros,Juges 6.12
104,rhema-104-creme.png,creme,"Avant de t'inquiéter pour demain, souviens-toi de tout ce que Dieu a fait jusqu'ici.",Jusqu'ici l'Éternel nous a secourus,1 Samuel 7.12
105,rhema-105-lime.png,lime,Ce monde n'est pas ta destination finale. Jésus te prépare une place chez lui.,Une place préparée,Jean 14.2-3
106,rhema-106-noir.png,noir,"Dis-moi qui t'entoure, je te dirai qui tu deviens.",Choisir ses fréquentations,1 Corinthiens 15.33
107,rhema-107-creme.png,creme,"Quand ton cœur est en morceaux, Dieu n'est pas loin. Il est tout près.",Près de ceux qui ont le cœur brisé,Psaume 34.19
108,rhema-108-lime.png,lime,La comparaison vole ta joie. L'obéissance te la rend.,La comparaison,Galates 6.4
109,rhema-109-noir.png,noir,Une foi qui doute mais qui crie vers Jésus reste une foi qu'il entend.,Au secours de mon incrédulité,Marc 9.24
110,rhema-110-creme.png,creme,Ce que tu gardes trop serré dans ta main ne pourra jamais germer.,Semer largement,2 Corinthiens 9.6
111,rhema-111-lime.png,lime,"Face à certaines tentations, le courage ne consiste pas à rester. Il consiste à partir.",Fuir plutôt que lutter,2 Timothée 2.22
112,rhema-112-noir.png,noir,Dieu ne cherche pas d'abord de belles chansons. Il cherche des adorateurs vrais.,En esprit et en vérité,Jean 4.23-24
113,rhema-113-creme.png,creme,"Tout change autour de toi. Jésus, lui, reste le même.",Celui qui ne change pas,Hébreux 13.8
114,rhema-114-lime.png,lime,Jésus ne te surveille pas de loin. Il a donné sa vie pour toi.,Le bon berger,Jean 10.11
115,rhema-115-noir.png,noir,Ce que tu vois est temporaire. Ce que Dieu prépare est éternel.,Les choses invisibles,2 Corinthiens 4.18
116,rhema-116-creme.png,creme,Dieu préfère ta réconciliation à ton offrande.,Va d'abord te réconcilier,Matthieu 5.24
117,rhema-117-lime.png,lime,"Ce qu'on a tramé contre toi, Dieu peut le retourner pour le bien de beaucoup.",Dieu l'a changé en bien,Genèse 50.20
118,rhema-118-noir.png,noir,La colère peut frapper à ta porte. Ne la laisse pas dormir chez toi.,La colère qui ne se couche pas,Éphésiens 4.26
119,rhema-119-creme.png,creme,L'orgueil fait monter vite. Mais c'est toujours lui qui ouvre la chute.,L'orgueil avant la chute,Proverbes 16.18
120,rhema-120-lime.png,lime,L'excellence n'est pas de l'orgueil. C'est honorer Dieu dans ce qu'il t'a confié.,Habile dans son ouvrage,Proverbes 22.29
121,rhema-121-noir.png,noir,Tu ne résistes pas au diable en serrant les poings. Tu lui résistes en te soumettant à Dieu.,Résistez au diable,Jacques 4.7
122,rhema-122-creme.png,creme,"Dieu parle encore. Le problème, c'est que nous parlons trop pour l'entendre.","Parle, ton serviteur écoute",1 Samuel 3.10
123,rhema-123-lime.png,lime,"Quand personne ne te voit, Dieu te voit.",Le Dieu qui me voit,Genèse 16.13
124,rhema-124-noir.png,noir,Jésus ne t'a pas montré un chemin. Il est le chemin.,"Le chemin, la vérité et la vie",Jean 14.6
125,rhema-125-creme.png,creme,"Tu vis sur la terre, mais ton passeport vient du ciel.",Citoyens des cieux,Philippiens 3.20
126,rhema-126-lime.png,lime,"Aimer comme Christ, ce n'est pas exiger d'être servi. C'est choisir de se donner.",Aimer comme Christ a aimé l'Église,Éphésiens 5.25
127,rhema-127-noir.png,noir,"Là où la honte t'a couvert, Dieu veut te couvrir d'honneur.",Au lieu de la honte,Ésaïe 61.7
128,rhema-128-creme.png,creme,Tes mots construisent ou détruisent. Ils ne sont jamais neutres.,Le pouvoir de la langue,Proverbes 18.21
129,rhema-129-lime.png,lime,Tu n'as pas besoin de tout avoir quand tu as Celui qui ne t'abandonne jamais.,Libre de l'amour de l'argent,Hébreux 13.5
130,rhema-130-noir.png,noir,"Une braise seule finit par s'éteindre. Ensemble, elles gardent le feu.",Ne pas abandonner l'assemblée,Hébreux 10.24-25
131,rhema-131-creme.png,creme,Ce que tu regardes longtemps finit par habiter ton cœur.,La lampe du corps,Matthieu 6.22
132,rhema-132-lime.png,lime,"Parfois, la chose la plus spirituelle que tu puisses faire, c'est t'arrêter.","Arrêtez, et sachez",Psaume 46.11
133,rhema-133-noir.png,noir,Ce qui est impossible pour toi n'est jamais trop difficile pour Dieu.,Rien n'est impossible à Dieu,Luc 1.37
134,rhema-134-creme.png,creme,Ce qui ne peut pas combler ton cœur finira toujours par te laisser soif.,L'eau qui désaltère,Jean 4.14
135,rhema-135-lime.png,lime,"Dieu n'est pas venu en conquérant. Il est venu en enfant, pour que personne n'ait peur de s'approcher.",Un enfant nous est né,Ésaïe 9.5
136,rhema-136-noir.png,noir,Tu ne choisis pas toujours la tempête. Mais tu choisis si tu y ajoutes du vent.,La réponse douce,Proverbes 15.1
137,rhema-137-creme.png,creme,"Quand tu n'en peux plus, Dieu ne commence pas par un sermon. Il commence par te relever.",Quand on n'en peut plus,1 Rois 19.4-5
138,rhema-138-lime.png,lime,Dieu te donne la grâce d'aujourd'hui. Ne la gaspille pas à porter demain.,À chaque jour suffit sa peine,Matthieu 6.34
139,rhema-139-noir.png,noir,Ton travail devient adoration quand tu le fais pour Lui.,Travailler pour le Seigneur,Colossiens 3.23
140,rhema-140-creme.png,creme,"Là où les frères choisissent l'unité, Dieu choisit de bénir.",Demeurer ensemble,Psaume 133.1
141,rhema-141-lime.png,lime,Ce ne sont pas toujours les grandes tempêtes qui détruisent. Ce sont souvent les petits renards.,Les petits renards,Cantique des cantiques 2.15
142,rhema-142-noir.png,noir,"Dieu ne cherche pas des gens qui courent pour lui, mais des gens qui marchent avec lui.",Hénoc marchait avec Dieu,Genèse 5.24
143,rhema-143-creme.png,creme,Tu n'es pas un numéro pour Dieu. Il connaît ton nom.,Appelé par ton nom,Ésaïe 43.1
144,rhema-144-lime.png,lime,"Jésus ne force jamais la porte de ton cœur. Il frappe, et il attend que tu ouvres.",Il se tient à la porte,Apocalypse 3.20
145,rhema-145-noir.png,noir,Le tombeau vide est la preuve que la mort n'a pas le dernier mot.,Il est ressuscité,Matthieu 28.5-6
